RepresentedAsteroids-v0-naive_actor-prompt_level6-seed0-4,[0.0],[10250],2024-10-08 22:53:35,00:00:20
RepresentedAsteroids-v0-naive_actor-prompt_level6-seed1-4,[0.0],[13954],2024-10-08 22:53:58,00:00:42
RepresentedAsteroids-v0-naive_actor-prompt_level6-seed2-4,[0.0],[4114],2024-10-08 22:54:44,00:00:18
RepresentedAsteroids-v0-naive_actor-prompt_level6-seed3-4,[0.0],[9320],2024-10-08 22:55:06,00:00:16
RepresentedAsteroids-v0-naive_actor-prompt_level6-seed4-4,[0.0],[10208],2024-10-08 22:55:26,00:00:11
RepresentedAsteroids-v0-cot_actor-prompt_level6-seed0-4,"[0.0, 0.0, 0.0, 0.0, 0.0]","[7990, 7740, 7598, 8970, 7692]",2024-10-08 22:55:41,00:01:28
RepresentedAsteroids-v0-cot_actor-prompt_level6-seed1-4,"[0.0, 0.0, 0.0, 0.0, 0.0]","[7702, 7676, 7582, 8486, 8168]",2024-10-08 22:57:13,00:01:26
RepresentedAsteroids-v0-cot_actor-prompt_level6-seed2-4,"[0.0, 0.0, 0.0, 0.0, 0.0]","[9388, 7704, 8128, 8668, 7414]",2024-10-08 22:58:42,00:01:32
RepresentedAsteroids-v0-cot_actor-prompt_level6-seed3-4,"[0.0, 0.0, 0.0, 0.0, 0.0]","[7556, 7280, 7730, 7358, 7900]",2024-10-08 23:00:18,00:01:17
RepresentedAsteroids-v0-cot_actor-prompt_level6-seed4-4,"[0.0, 0.0, 0.0, 0.0, 0.0]","[7886, 8768, 7388, 7250, 7390]",2024-10-08 23:01:38,00:01:23
RepresentedAsteroids-v0-naive_actor-prompt_level7-seed0-4,[0.0],[4982],2024-10-08 23:03:05,00:00:26
RepresentedAsteroids-v0-naive_actor-prompt_level7-seed1-4,[0.0],[7384],2024-10-08 23:03:34,00:00:28
RepresentedAsteroids-v0-naive_actor-prompt_level7-seed2-4,[0.0],[2054],2024-10-08 23:04:06,00:01:07
RepresentedAsteroids-v0-naive_actor-prompt_level7-seed3-4,[0.0],[8546],2024-10-08 23:05:17,00:00:28
RepresentedAsteroids-v0-naive_actor-prompt_level7-seed4-4,[0.0],[9156],2024-10-08 23:05:48,00:00:17
RepresentedAsteroids-v0-cot_actor-prompt_level7-seed0-4,"[0.0, 0.0, 0.0, 0.0, 0.0]","[7910, 5550, 7452, 8078, 7920]",2024-10-08 23:06:09,00:01:39
RepresentedAsteroids-v0-cot_actor-prompt_level7-seed1-4,"[0.0, 0.0, 0.0, 0.0, 0.0]","[7662, 7438, 8154, 7160, 7408]",2024-10-08 23:07:52,00:01:19
RepresentedAsteroids-v0-cot_actor-prompt_level7-seed2-4,"[0.0, 0.0, 0.0, 0.0, 0.0]","[7976, 7290, 7888, 8402, 7464]",2024-10-08 23:09:15,00:01:27
RepresentedAsteroids-v0-cot_actor-prompt_level7-seed3-4,"[0.0, 0.0, 0.0, 0.0, 0.0]","[7424, 8244, 7370, 7732, 8122]",2024-10-08 23:10:46,00:01:27
RepresentedAsteroids-v0-cot_actor-prompt_level7-seed4-4,"[0.0, 0.0, 0.0, 0.0, 0.0]","[7126, 7782, 7910, 7854, 7512]",2024-10-08 23:12:16,00:01:26
RepresentedBattleZone-v0-naive_actor-prompt_level6-seed0-4,[0.0],[21106],2024-10-08 23:13:46,00:00:32
RepresentedBattleZone-v0-naive_actor-prompt_level6-seed1-4,[0.0],[24864],2024-10-08 23:14:22,00:00:22
RepresentedBattleZone-v0-naive_actor-prompt_level6-seed2-4,[0.0],[24906],2024-10-08 23:14:48,00:00:43
RepresentedBattleZone-v0-naive_actor-prompt_level6-seed3-4,[0.0],[33646],2024-10-08 23:15:35,00:00:13
RepresentedBattleZone-v0-naive_actor-prompt_level6-seed4-4,[0.0],[20442],2024-10-08 23:15:51,00:00:13
RepresentedBattleZone-v0-cot_actor-prompt_level6-seed0-4,"[0.0, 0.0, 0.0, 0.0, 0.0]","[17862, 17268, 17826, 17820, 18290]",2024-10-08 23:16:08,00:01:46
RepresentedBattleZone-v0-cot_actor-prompt_level6-seed1-4,"[0.0, 0.0, 0.0, 0.0, 0.0]","[17740, 18084, 17786, 17728, 17746]",2024-10-08 23:17:58,00:01:45
RepresentedBattleZone-v0-cot_actor-prompt_level6-seed2-4,"[0.0, 0.0, 0.0, 0.0, 0.0]","[17814, 17428, 17274, 18638, 17696]",2024-10-08 23:19:47,00:01:42
RepresentedBattleZone-v0-cot_actor-prompt_level6-seed3-4,"[0.0, 0.0, 0.0, 0.0, 0.0]","[18834, 17572, 17864, 17916, 17216]",2024-10-08 23:21:33,00:01:46
RepresentedBattleZone-v0-cot_actor-prompt_level6-seed4-4,"[0.0, 0.0, 0.0, 0.0, 0.0]","[17934, 18234, 17586, 18464, 18010]",2024-10-08 23:23:23,00:01:57
RepresentedBattleZone-v0-naive_actor-prompt_level7-seed0-4,[0.0],[11482],2024-10-08 23:25:24,00:00:22
RepresentedBattleZone-v0-naive_actor-prompt_level7-seed1-4,[0.0],[8276],2024-10-08 23:25:50,00:00:31
RepresentedBattleZone-v0-naive_actor-prompt_level7-seed2-4,[0.0],[5698],2024-10-08 23:26:24,00:00:34
RepresentedBattleZone-v0-naive_actor-prompt_level7-seed3-4,[0.0],[3408],2024-10-08 23:27:01,00:00:35
RepresentedBattleZone-v0-naive_actor-prompt_level7-seed4-4,[0.0],[8442],2024-10-08 23:27:40,00:00:49
RepresentedBattleZone-v0-cot_actor-prompt_level7-seed0-4,"[0.0, 0.0, 0.0, 0.0, 0.0]","[9498, 8772, 9080, 8298, 8364]",2024-10-08 23:28:32,00:01:49
RepresentedBattleZone-v0-cot_actor-prompt_level7-seed1-4,"[0.0, 0.0, 0.0, 0.0, 0.0]","[8520, 8466, 8662, 8540, 7962]",2024-10-08 23:30:25,00:01:35
RepresentedBattleZone-v0-cot_actor-prompt_level7-seed2-4,"[0.0, 0.0, 0.0, 0.0, 0.0]","[9100, 8348, 8680, 7858, 9274]",2024-10-08 23:32:04,00:01:45
RepresentedBattleZone-v0-cot_actor-prompt_level7-seed3-4,"[0.0, 0.0, 0.0, 0.0, 0.0]","[8790, 8986, 8648, 9460, 8262]",2024-10-08 23:33:53,00:01:43
RepresentedBattleZone-v0-cot_actor-prompt_level7-seed4-4,"[0.0, 0.0, 0.0, 0.0, 0.0]","[8616, 8380, 8286, 8708, 8596]",2024-10-08 23:35:40,00:01:36
RepresentedBerzerk-v0-naive_actor-prompt_level6-seed0-4,[0.0],[6982],2024-10-08 23:37:20,00:00:52
RepresentedBerzerk-v0-naive_actor-prompt_level6-seed1-4,[0.0],[7380],2024-10-08 23:38:16,00:00:32
RepresentedBerzerk-v0-naive_actor-prompt_level6-seed2-4,[0.0],[12066],2024-10-08 23:38:51,00:00:27
RepresentedBerzerk-v0-naive_actor-prompt_level6-seed3-4,[0.0],[11862],2024-10-08 23:39:22,00:00:26
RepresentedBerzerk-v0-naive_actor-prompt_level6-seed4-4,[0.0],[11742],2024-10-08 23:39:51,00:00:15
RepresentedBerzerk-v0-cot_actor-prompt_level6-seed0-4,"[0.0, 0.0, 0.0, 0.0, 0.0]","[8528, 8142, 8998, 8386, 9326]",2024-10-08 23:40:09,00:01:33
RepresentedBerzerk-v0-cot_actor-prompt_level6-seed1-4,"[0.0, 0.0, 0.0, 0.0, 0.0]","[8352, 8218, 8480, 8450, 8524]",2024-10-08 23:41:46,00:01:33
RepresentedBerzerk-v0-cot_actor-prompt_level6-seed2-4,"[0.0, 0.0, 0.0, 0.0, 0.0]","[7916, 8488, 8586, 9286, 8116]",2024-10-08 23:43:22,00:01:29
RepresentedBerzerk-v0-cot_actor-prompt_level6-seed3-4,"[0.0, 0.0, 0.0, 0.0, 0.0]","[8424, 8574, 8836, 9220, 7580]",2024-10-08 23:44:54,00:01:28
RepresentedBerzerk-v0-cot_actor-prompt_level6-seed4-4,"[0.0, 0.0, 0.0, 0.0, 0.0]","[8064, 8622, 8680, 8568, 5984]",2024-10-08 23:46:26,00:01:56
RepresentedBerzerk-v0-naive_actor-prompt_level7-seed0-4,[0.0],[7890],2024-10-08 23:48:26,00:00:30
RepresentedBerzerk-v0-naive_actor-prompt_level7-seed1-4,[0.0],[8888],2024-10-08 23:49:00,00:00:21
RepresentedBerzerk-v0-naive_actor-prompt_level7-seed2-4,[0.0],[6486],2024-10-08 23:49:24,00:00:37
RepresentedBerzerk-v0-naive_actor-prompt_level7-seed3-4,[0.0],[7656],2024-10-08 23:50:05,00:00:39
RepresentedBerzerk-v0-naive_actor-prompt_level7-seed4-4,[0.0],[6944],2024-10-08 23:50:48,00:00:28
RepresentedBerzerk-v0-cot_actor-prompt_level7-seed0-4,"[0.0, 0.0, 0.0, 0.0, 0.0]","[8576, 8970, 8594, 8520, 8660]",2024-10-08 23:51:19,00:01:30
RepresentedBerzerk-v0-cot_actor-prompt_level7-seed1-4,"[0.0, 0.0, 0.0, 0.0, 0.0]","[8252, 8216, 9052, 8250, 8482]",2024-10-08 23:52:53,00:01:34
RepresentedBerzerk-v0-cot_actor-prompt_level7-seed2-4,"[0.0, 0.0, 0.0, 0.0, 0.0]","[8076, 8162, 8208, 8256, 6582]",2024-10-08 23:54:31,00:01:47
RepresentedBerzerk-v0-cot_actor-prompt_level7-seed3-4,"[0.0, 0.0, 0.0, 0.0, 0.0]","[8294, 8996, 8690, 8558, 9494]",2024-10-08 23:56:21,00:01:35
RepresentedBerzerk-v0-cot_actor-prompt_level7-seed4-4,"[0.0, 0.0, 0.0, 0.0, 0.0]","[8266, 7820, 8254, 8906, 8318]",2024-10-08 23:58:00,00:01:24
RepresentedBowling-v0-naive_actor-prompt_level6-seed0-4,[0.0],[21640],2024-10-08 23:59:28,00:00:25
RepresentedBowling-v0-naive_actor-prompt_level6-seed1-4,[0.0],[29622],2024-10-08 23:59:56,00:00:10
RepresentedBowling-v0-naive_actor-prompt_level6-seed2-4,[0.0],[17928],2024-10-09 00:00:10,00:00:17
RepresentedBowling-v0-naive_actor-prompt_level6-seed3-4,[0.0],[20834],2024-10-09 00:00:32,00:00:19
RepresentedBowling-v0-naive_actor-prompt_level6-seed4-4,[0.0],[29594],2024-10-09 00:00:54,00:00:08
RepresentedBowling-v0-cot_actor-prompt_level6-seed0-4,"[0.0, 0.0, 0.0, 0.0, 0.0]","[14936, 16012, 15608, 15582, 15350]",2024-10-09 00:01:06,00:01:27
RepresentedBowling-v0-cot_actor-prompt_level6-seed1-4,"[0.0, 0.0, 0.0, 0.0, 0.0]","[15338, 15676, 15522, 15164, 15386]",2024-10-09 00:02:37,00:01:26
RepresentedBowling-v0-cot_actor-prompt_level6-seed2-4,"[0.0, 0.0, 0.0, 0.0, 0.0]","[15978, 15356, 15380, 15570, 15556]",2024-10-09 00:04:07,00:01:30
RepresentedBowling-v0-cot_actor-prompt_level6-seed3-4,"[0.0, 0.0, 0.0, 0.0, 0.0]","[15432, 15106, 15262, 15216, 15190]",2024-10-09 00:05:41,00:01:22
RepresentedBowling-v0-cot_actor-prompt_level6-seed4-4,"[0.0, 0.0, 0.0, 0.0, 0.0]","[15836, 15096, 15588, 15066, 15730]",2024-10-09 00:07:06,00:01:30
RepresentedBowling-v0-naive_actor-prompt_level7-seed0-4,[0.0],[4936],2024-10-09 00:08:39,00:00:29
RepresentedBowling-v0-naive_actor-prompt_level7-seed1-4,[0.0],[7828],2024-10-09 00:09:12,00:00:10
RepresentedBowling-v0-naive_actor-prompt_level7-seed2-4,[0.0],[6370],2024-10-09 00:09:26,00:00:12
RepresentedBowling-v0-naive_actor-prompt_level7-seed3-4,[0.0],[7210],2024-10-09 00:09:41,00:00:09
RepresentedBowling-v0-naive_actor-prompt_level7-seed4-4,[0.0],[4930],2024-10-09 00:09:54,00:00:18
RepresentedBowling-v0-cot_actor-prompt_level7-seed0-4,"[0.0, 0.0, 0.0, 0.0, 0.0]","[6356, 7180, 6564, 6892, 7054]",2024-10-09 00:10:15,00:01:26
RepresentedBowling-v0-cot_actor-prompt_level7-seed1-4,"[0.0, 0.0, 0.0, 0.0, 0.0]","[6720, 7252, 6620, 7352, 6540]",2024-10-09 00:11:46,00:01:25
RepresentedBowling-v0-cot_actor-prompt_level7-seed2-4,"[0.0, 0.0, 0.0, 0.0, 0.0]","[6356, 7060, 7112, 6636, 6754]",2024-10-09 00:13:15,00:01:24
RepresentedBowling-v0-cot_actor-prompt_level7-seed3-4,"[0.0, 0.0, 0.0, 0.0, 0.0]","[7196, 7236, 6826, 6786, 6666]",2024-10-09 00:14:43,00:01:30
RepresentedBowling-v0-cot_actor-prompt_level7-seed4-4,"[0.0, 0.0, 0.0, 0.0, 0.0]","[6836, 6128, 6130, 6632, 7028]",2024-10-09 00:16:16,00:01:20
RepresentedBoxing-v0-naive_actor-prompt_level6-seed0-4,[0.0],[28582],2024-10-09 00:17:40,00:00:18
RepresentedBoxing-v0-naive_actor-prompt_level6-seed1-4,[0.0],[28548],2024-10-09 00:18:02,00:00:08
RepresentedBoxing-v0-naive_actor-prompt_level6-seed2-4,[0.0],[29416],2024-10-09 00:18:14,00:00:08
RepresentedBoxing-v0-naive_actor-prompt_level6-seed3-4,[0.0],[14558],2024-10-09 00:18:26,00:00:15
RepresentedBoxing-v0-naive_actor-prompt_level6-seed4-4,[0.0],[30514],2024-10-09 00:18:44,00:00:15
RepresentedBoxing-v0-cot_actor-prompt_level6-seed0-4,"[0.0, 0.0, 0.0, 0.0, 0.0]","[14432, 14854, 14860, 15016, 14828]",2024-10-09 00:19:03,00:01:14
RepresentedBoxing-v0-cot_actor-prompt_level6-seed1-4,"[0.0, 0.0, 0.0, 0.0, 0.0]","[15048, 14706, 15014, 14768, 14792]",2024-10-09 00:20:21,00:01:35
RepresentedBoxing-v0-cot_actor-prompt_level6-seed2-4,"[0.0, 0.0, 0.0, 0.0, 0.0]","[15214, 14962, 15506, 15198, 15058]",2024-10-09 00:21:59,00:01:23
RepresentedBoxing-v0-cot_actor-prompt_level6-seed3-4,"[0.0, 0.0, 0.0, 0.0, 0.0]","[14798, 15188, 14816, 15488, 14854]",2024-10-09 00:23:26,00:01:19
RepresentedBoxing-v0-cot_actor-prompt_level6-seed4-4,"[0.0, 0.0, 0.0, 0.0, 0.0]","[14880, 14592, 14622, 10888, 14502]",2024-10-09 00:24:48,00:01:38
RepresentedBoxing-v0-naive_actor-prompt_level7-seed0-4,[0.0],[2682],2024-10-09 00:26:30,00:00:22
RepresentedBoxing-v0-naive_actor-prompt_level7-seed1-4,[0.0],[3666],2024-10-09 00:26:56,00:00:16
RepresentedBoxing-v0-naive_actor-prompt_level7-seed2-4,[0.0],[5318],2024-10-09 00:27:16,00:00:15
RepresentedBoxing-v0-naive_actor-prompt_level7-seed3-4,[0.0],[1836],2024-10-09 00:27:34,00:00:37
RepresentedBoxing-v0-naive_actor-prompt_level7-seed4-4,[0.0],[8050],2024-10-09 00:28:15,00:00:16
RepresentedBoxing-v0-cot_actor-prompt_level7-seed0-4,"[0.0, 0.0, 0.0, 0.0, 0.0]","[6984, 6584, 6650, 7244, 7346]",2024-10-09 00:28:34,00:01:08
RepresentedBoxing-v0-cot_actor-prompt_level7-seed1-4,"[0.0, 0.0, 0.0, 0.0, 0.0]","[7556, 7304, 6326, 6930, 7178]",2024-10-09 00:29:46,00:01:17
RepresentedBoxing-v0-cot_actor-prompt_level7-seed2-4,"[0.0, 0.0, 0.0, 0.0, 0.0]","[7404, 7162, 7814, 6716, 6748]",2024-10-09 00:31:07,00:01:16
RepresentedBoxing-v0-cot_actor-prompt_level7-seed3-4,"[0.0, 0.0, 0.0, 0.0, 0.0]","[6760, 6908, 6898, 7124, 7130]",2024-10-09 00:32:26,00:01:07
RepresentedBoxing-v0-cot_actor-prompt_level7-seed4-4,"[0.0, 0.0, 0.0, 0.0, 0.0]","[6556, 6886, 6782, 6368, 6936]",2024-10-09 00:33:37,00:01:08
RepresentedBreakout-v0-naive_actor-prompt_level6-seed0-4,[0.0],[7496],2024-10-09 00:34:49,00:00:14
RepresentedBreakout-v0-naive_actor-prompt_level6-seed1-4,[0.0],[4136],2024-10-09 00:35:07,00:00:23
RepresentedBreakout-v0-naive_actor-prompt_level6-seed2-4,[0.0],[5284],2024-10-09 00:35:33,00:00:16
RepresentedBreakout-v0-naive_actor-prompt_level6-seed3-4,[0.0],[0],2024-10-09 00:35:53,00:00:33
RepresentedBreakout-v0-naive_actor-prompt_level6-seed4-4,[0.0],[7022],2024-10-09 00:36:30,00:00:24
RepresentedBreakout-v0-cot_actor-prompt_level6-seed0-4,"[0.0, 0.0, 0.0, 0.0, 0.0]","[6884, 5758, 7178, 6602, 6450]",2024-10-09 00:36:57,00:01:13
RepresentedBreakout-v0-cot_actor-prompt_level6-seed1-4,"[0.0, 0.0, 0.0, 0.0, 0.0]","[7034, 6468, 6826, 6832, 6646]",2024-10-09 00:38:14,00:01:21
RepresentedBreakout-v0-cot_actor-prompt_level6-seed2-4,"[0.0, 0.0, 0.0, 0.0, 0.0]","[6516, 7198, 7266, 6518, 6608]",2024-10-09 00:39:39,00:01:22
RepresentedBreakout-v0-cot_actor-prompt_level6-seed3-4,"[0.0, 0.0, 0.0, 0.0, 0.0]","[6692, 6776, 6230, 6386, 6982]",2024-10-09 00:41:05,00:01:20
RepresentedBreakout-v0-cot_actor-prompt_level6-seed4-4,"[0.0, 0.0, 0.0, 0.0, 0.0]","[6092, 6562, 6494, 6416, 6846]",2024-10-09 00:42:30,00:01:11
RepresentedBreakout-v0-naive_actor-prompt_level7-seed0-4,[0.0],[7886],2024-10-09 00:43:45,00:00:23
RepresentedBreakout-v0-naive_actor-prompt_level7-seed1-4,[0.0],[7672],2024-10-09 00:44:12,00:00:31
RepresentedBreakout-v0-naive_actor-prompt_level7-seed2-4,[0.0],[4648],2024-10-09 00:44:46,00:00:26
RepresentedBreakout-v0-naive_actor-prompt_level7-seed3-4,[0.0],[9014],2024-10-09 00:45:16,00:00:16
RepresentedBreakout-v0-naive_actor-prompt_level7-seed4-4,[0.0],[9258],2024-10-09 00:45:36,00:00:16
RepresentedBreakout-v0-cot_actor-prompt_level7-seed0-4,"[0.0, 0.0, 0.0, 0.0, 0.0]","[7046, 6602, 6444, 6608, 6586]",2024-10-09 00:45:55,00:01:18
RepresentedBreakout-v0-cot_actor-prompt_level7-seed1-4,"[0.0, 0.0, 0.0, 0.0, 0.0]","[5868, 6438, 6714, 6604, 6892]",2024-10-09 00:47:17,00:01:12
RepresentedBreakout-v0-cot_actor-prompt_level7-seed2-4,"[0.0, 0.0, 0.0, 0.0, 0.0]","[6552, 6420, 6438, 6036, 4358]",2024-10-09 00:48:32,00:01:31
RepresentedBreakout-v0-cot_actor-prompt_level7-seed3-4,"[0.0, 0.0, 0.0, 0.0, 0.0]","[7060, 6532, 6512, 6164, 6464]",2024-10-09 00:50:06,00:01:15
RepresentedBreakout-v0-cot_actor-prompt_level7-seed4-4,"[0.0, 0.0, 0.0, 0.0, 0.0]","[6738, 6242, 6486, 6768, 6672]",2024-10-09 00:51:25,00:01:15
RepresentedDemonAttack-v0-naive_actor-prompt_level6-seed0-4,[0.0],[30052],2024-10-09 00:52:44,00:00:10
RepresentedDemonAttack-v0-naive_actor-prompt_level6-seed1-4,[0.0],[20756],2024-10-09 00:52:58,00:00:29
RepresentedDemonAttack-v0-naive_actor-prompt_level6-seed2-4,[0.0],[29540],2024-10-09 00:53:30,00:00:14
RepresentedDemonAttack-v0-naive_actor-prompt_level6-seed3-4,[0.0],[30870],2024-10-09 00:53:48,00:00:20
RepresentedDemonAttack-v0-naive_actor-prompt_level6-seed4-4,[0.0],[29660],2024-10-09 00:54:11,00:00:18
RepresentedDemonAttack-v0-cot_actor-prompt_level6-seed0-4,"[0.0, 0.0, 0.0, 0.0, 0.0]","[14796, 15404, 15056, 15356, 15232]",2024-10-09 00:54:33,00:01:20
RepresentedDemonAttack-v0-cot_actor-prompt_level6-seed1-4,"[0.0, 0.0, 0.0, 0.0, 0.0]","[15336, 14926, 15022, 15340, 14686]",2024-10-09 00:55:56,00:01:22
RepresentedDemonAttack-v0-cot_actor-prompt_level6-seed2-4,"[0.0, 0.0, 0.0, 0.0, 0.0]","[15714, 15354, 14786, 11084, 15172]",2024-10-09 00:57:22,00:01:51
RepresentedDemonAttack-v0-cot_actor-prompt_level6-seed3-4,"[0.0, 0.0, 0.0, 0.0, 0.0]","[15230, 14642, 14986, 15480, 15942]",2024-10-09 00:59:17,00:01:28
RepresentedDemonAttack-v0-cot_actor-prompt_level6-seed4-4,"[0.0, 0.0, 0.0, 0.0, 0.0]","[14832, 15598, 15266, 15318, 14942]",2024-10-09 01:00:49,00:01:22
RepresentedDemonAttack-v0-naive_actor-prompt_level7-seed0-4,[0.0],[4102],2024-10-09 01:02:14,00:00:29
RepresentedDemonAttack-v0-naive_actor-prompt_level7-seed1-4,[0.0],[4736],2024-10-09 01:02:46,00:00:25
RepresentedDemonAttack-v0-naive_actor-prompt_level7-seed2-4,[0.0],[4338],2024-10-09 01:03:15,00:00:29
RepresentedDemonAttack-v0-naive_actor-prompt_level7-seed3-4,[0.0],[4088],2024-10-09 01:03:47,00:00:21
RepresentedDemonAttack-v0-naive_actor-prompt_level7-seed4-4,[0.0],[4254],2024-10-09 01:04:12,00:00:30
RepresentedDemonAttack-v0-cot_actor-prompt_level7-seed0-4,"[0.0, 0.0, 0.0, 0.0, 0.0]","[5958, 6134, 6120, 6130, 6092]",2024-10-09 01:04:46,00:01:12
RepresentedDemonAttack-v0-cot_actor-prompt_level7-seed1-4,"[0.0, 0.0, 0.0, 0.0, 0.0]","[5868, 4920, 6380, 5888, 5790]",2024-10-09 01:06:01,00:01:46
RepresentedDemonAttack-v0-cot_actor-prompt_level7-seed2-4,"[0.0, 0.0, 0.0, 0.0, 0.0]","[6230, 5876, 5794, 5964, 6426]",2024-10-09 01:07:51,00:01:13
RepresentedDemonAttack-v0-cot_actor-prompt_level7-seed3-4,"[0.0, 0.0, 0.0, 0.0, 0.0]","[6004, 5876, 6882, 6852, 6296]",2024-10-09 01:09:08,00:01:22
RepresentedDemonAttack-v0-cot_actor-prompt_level7-seed4-4,"[0.0, 0.0, 0.0, 0.0, 0.0]","[5998, 5972, 6272, 6144, 6262]",2024-10-09 01:10:34,00:01:19
RepresentedFreeway-v0-naive_actor-prompt_level6-seed0-4,[0.0],[4662],2024-10-09 01:11:56,00:00:12
RepresentedFreeway-v0-naive_actor-prompt_level6-seed1-4,[0.0],[3716],2024-10-09 01:12:12,00:00:18
RepresentedFreeway-v0-naive_actor-prompt_level6-seed2-4,[0.0],[2454],2024-10-09 01:12:33,00:00:15
RepresentedFreeway-v0-naive_actor-prompt_level6-seed3-4,[0.0],[3540],2024-10-09 01:12:52,00:00:12
RepresentedFreeway-v0-naive_actor-prompt_level6-seed4-4,[0.0],[2440],2024-10-09 01:13:08,00:00:19
RepresentedFreeway-v0-cot_actor-prompt_level6-seed0-4,"[0.0, 0.0, 0.0, 0.0, 0.0]","[5718, 5806, 5672, 5740, 5654]",2024-10-09 01:13:31,00:01:09
RepresentedFreeway-v0-cot_actor-prompt_level6-seed1-4,"[0.0, 0.0, 0.0, 0.0, 0.0]","[6128, 5722, 5606, 5568, 5362]",2024-10-09 01:14:44,00:01:09
RepresentedFreeway-v0-cot_actor-prompt_level6-seed2-4,"[0.0, 0.0, 0.0, 0.0, 0.0]","[5542, 5530, 5992, 5424, 5092]",2024-10-09 01:15:56,00:01:06
RepresentedFreeway-v0-cot_actor-prompt_level6-seed3-4,"[0.0, 0.0, 0.0, 0.0, 0.0]","[5358, 5500, 5172, 5338, 5736]",2024-10-09 01:17:06,00:01:03
RepresentedFreeway-v0-cot_actor-prompt_level6-seed4-4,"[0.0, 0.0, 0.0, 0.0, 0.0]","[5564, 5414, 5588, 5936, 5960]",2024-10-09 01:18:13,00:01:09
RepresentedFreeway-v0-naive_actor-prompt_level7-seed0-4,[0.0],[3328],2024-10-09 01:19:26,00:00:18
RepresentedFreeway-v0-naive_actor-prompt_level7-seed1-4,[0.0],[2318],2024-10-09 01:19:48,00:00:16
RepresentedFreeway-v0-naive_actor-prompt_level7-seed2-4,[0.0],[4908],2024-10-09 01:20:09,00:00:15
RepresentedFreeway-v0-naive_actor-prompt_level7-seed3-4,[0.0],[1826],2024-10-09 01:20:27,00:00:20
RepresentedFreeway-v0-naive_actor-prompt_level7-seed4-4,[0.0],[5576],2024-10-09 01:20:51,00:00:22
RepresentedFreeway-v0-cot_actor-prompt_level7-seed0-4,"[0.0, 0.0, 0.0, 0.0, 0.0]","[5694, 5248, 5696, 5616, 5320]",2024-10-09 01:21:16,00:01:06
RepresentedFreeway-v0-cot_actor-prompt_level7-seed1-4,"[0.0, 0.0, 0.0, 0.0, 0.0]","[5640, 5794, 5844, 5388, 5556]",2024-10-09 01:22:26,00:01:09
RepresentedFreeway-v0-cot_actor-prompt_level7-seed2-4,"[0.0, 0.0, 0.0, 0.0, 0.0]","[5730, 5620, 5404, 5692, 5304]",2024-10-09 01:23:39,00:01:08
RepresentedFreeway-v0-cot_actor-prompt_level7-seed3-4,"[0.0, 0.0, 0.0, 0.0, 0.0]","[5614, 5710, 5770, 5442, 5406]",2024-10-09 01:24:50,00:01:09
RepresentedFreeway-v0-cot_actor-prompt_level7-seed4-4,"[0.0, 0.0, 0.0, 0.0, 0.0]","[5086, 5238, 5342, 5824, 5752]",2024-10-09 01:26:03,00:01:05
RepresentedFrostbite-v0-naive_actor-prompt_level6-seed0-4,[0.0],[8136],2024-10-09 01:27:11,00:00:10
RepresentedFrostbite-v0-naive_actor-prompt_level6-seed1-4,[0.0],[6980],2024-10-09 01:27:25,00:00:19
RepresentedFrostbite-v0-naive_actor-prompt_level6-seed2-4,[0.0],[10362],2024-10-09 01:27:48,00:00:20
RepresentedFrostbite-v0-naive_actor-prompt_level6-seed3-4,[0.0],[6896],2024-10-09 01:28:12,00:00:19
RepresentedFrostbite-v0-naive_actor-prompt_level6-seed4-4,[0.0],[13978],2024-10-09 01:28:34,00:00:20
RepresentedFrostbite-v0-cot_actor-prompt_level6-seed0-4,"[0.0, 0.0, 0.0, 0.0, 0.0]","[7700, 8624, 8058, 8196, 9042]",2024-10-09 01:28:58,00:01:28
RepresentedFrostbite-v0-cot_actor-prompt_level6-seed1-4,"[0.0, 0.0, 0.0, 0.0, 0.0]","[8206, 8048, 7740, 8454, 8058]",2024-10-09 01:30:30,00:01:28
RepresentedFrostbite-v0-cot_actor-prompt_level6-seed2-4,"[0.0, 0.0, 0.0, 0.0, 0.0]","[5780, 8334, 8070, 8304, 8242]",2024-10-09 01:32:02,00:01:59
RepresentedFrostbite-v0-cot_actor-prompt_level6-seed3-4,"[0.0, 0.0, 0.0, 0.0, 0.0]","[7556, 9132, 7708, 7352, 8258]",2024-10-09 01:34:05,00:01:25
RepresentedFrostbite-v0-cot_actor-prompt_level6-seed4-4,"[0.0, 0.0, 0.0, 0.0, 0.0]","[7670, 7972, 8142, 8170, 8482]",2024-10-09 01:35:33,00:01:27
RepresentedFrostbite-v0-naive_actor-prompt_level7-seed0-4,[0.0],[9888],2024-10-09 01:37:04,00:00:25
RepresentedFrostbite-v0-naive_actor-prompt_level7-seed1-4,[0.0],[7266],2024-10-09 01:37:33,00:00:19
RepresentedFrostbite-v0-naive_actor-prompt_level7-seed2-4,[0.0],[6130],2024-10-09 01:37:55,00:00:41
RepresentedFrostbite-v0-naive_actor-prompt_level7-seed3-4,[0.0],[11078],2024-10-09 01:38:40,00:00:13
RepresentedFrostbite-v0-naive_actor-prompt_level7-seed4-4,[0.0],[4080],2024-10-09 01:38:57,00:00:16
RepresentedFrostbite-v0-cot_actor-prompt_level7-seed0-4,"[0.0, 0.0, 0.0, 0.0, 0.0]","[7842, 7730, 8450, 7616, 8716]",2024-10-09 01:39:17,00:01:31
RepresentedFrostbite-v0-cot_actor-prompt_level7-seed1-4,"[0.0, 0.0, 0.0, 0.0, 0.0]","[8452, 7706, 8256, 7974, 8316]",2024-10-09 01:40:51,00:01:31
RepresentedFrostbite-v0-cot_actor-prompt_level7-seed2-4,"[0.0, 0.0, 0.0, 0.0, 0.0]","[8260, 8222, 8842, 7936, 8302]",2024-10-09 01:42:27,00:01:34
RepresentedFrostbite-v0-cot_actor-prompt_level7-seed3-4,"[0.0, 0.0, 0.0, 0.0, 0.0]","[7792, 5936, 8102, 8046, 7804]",2024-10-09 01:44:04,00:01:52
RepresentedFrostbite-v0-cot_actor-prompt_level7-seed4-4,"[0.0, 0.0, 0.0, 0.0, 0.0]","[7546, 8248, 8228, 7822, 7768]",2024-10-09 01:46:00,00:01:22
RepresentedPong-v0-naive_actor-prompt_level6-seed0-4,[0.0],[37776],2024-10-09 01:50:00,00:00:19
RepresentedPong-v0-naive_actor-prompt_level6-seed1-4,[0.0],[25936],2024-10-09 01:50:23,00:00:18
RepresentedPong-v0-naive_actor-prompt_level6-seed2-4,[0.0],[37206],2024-10-09 01:50:45,00:00:13
RepresentedPong-v0-naive_actor-prompt_level6-seed3-4,[0.0],[37112],2024-10-09 01:51:02,00:00:17
RepresentedPong-v0-naive_actor-prompt_level6-seed4-4,[0.0],[25370],2024-10-09 01:51:23,00:00:16
RepresentedPong-v0-cot_actor-prompt_level6-seed0-4,"[0.0, 0.0, 0.0, 0.0, 0.0]","[18254, 18488, 17754, 18184, 18130]",2024-10-09 01:51:42,00:01:28
RepresentedPong-v0-cot_actor-prompt_level6-seed1-4,"[0.0, 0.0, 0.0, 0.0, 0.0]","[17852, 18560, 18846, 18572, 18762]",2024-10-09 01:53:14,00:01:41
RepresentedPong-v0-cot_actor-prompt_level6-seed2-4,"[0.0, 0.0, 0.0, 0.0, 0.0]","[18010, 18566, 18710, 18076, 18536]",2024-10-09 01:54:58,00:01:37
RepresentedPong-v0-cot_actor-prompt_level6-seed3-4,"[0.0, 0.0, 0.0, 0.0, 0.0]","[18020, 18180, 18530, 18484, 18030]",2024-10-09 01:56:39,00:01:35
RepresentedPong-v0-cot_actor-prompt_level6-seed4-4,"[0.0, 0.0, 0.0, 0.0, 0.0]","[18020, 18296, 18502, 18274, 18948]",2024-10-09 01:58:17,00:01:38
RepresentedPong-v0-naive_actor-prompt_level7-seed0-4,[0.0],[12488],2024-10-09 01:59:59,00:00:14
RepresentedPong-v0-naive_actor-prompt_level7-seed1-4,[0.0],[13890],2024-10-09 02:00:18,00:00:19
RepresentedPong-v0-naive_actor-prompt_level7-seed2-4,[0.0],[8546],2024-10-09 02:00:41,00:00:17
RepresentedPong-v0-naive_actor-prompt_level7-seed3-4,[0.0],[13662],2024-10-09 02:01:02,00:00:14
RepresentedPong-v0-naive_actor-prompt_level7-seed4-4,[0.0],[9692],2024-10-09 02:01:19,00:00:20
RepresentedPong-v0-cot_actor-prompt_level7-seed0-4,"[0.0, 0.0, 0.0, 0.0, 0.0]","[8960, 9772, 9366, 8974, 8376]",2024-10-09 02:01:43,00:01:26
RepresentedPong-v0-cot_actor-prompt_level7-seed1-4,"[0.0, 0.0, 0.0, 0.0, 0.0]","[9482, 9436, 8958, 9392, 8694]",2024-10-09 02:03:12,00:01:30
RepresentedPong-v0-cot_actor-prompt_level7-seed2-4,"[0.0, 0.0, 0.0, 0.0, 0.0]","[9194, 8838, 8784, 9114, 8732]",2024-10-09 02:04:47,00:01:21
RepresentedPong-v0-cot_actor-prompt_level7-seed3-4,"[0.0, 0.0, 0.0, 0.0, 0.0]","[9040, 8852, 9312, 8828, 9106]",2024-10-09 02:06:11,00:01:22
RepresentedPong-v0-cot_actor-prompt_level7-seed4-4,"[0.0, 0.0, 0.0, 0.0, 0.0]","[9022, 9008, 8570, 9758, 9036]",2024-10-09 02:07:37,00:01:25
RepresentedPrivateEye-v0-naive_actor-prompt_level6-seed0-4,[0.0],[4560],2024-10-09 02:09:06,00:00:16
RepresentedPrivateEye-v0-naive_actor-prompt_level6-seed1-4,[0.0],[8716],2024-10-09 02:09:26,00:00:11
RepresentedPrivateEye-v0-naive_actor-prompt_level6-seed2-4,[0.0],[3218],2024-10-09 02:09:40,00:00:54
RepresentedPrivateEye-v0-naive_actor-prompt_level6-seed3-4,[0.0],[2534],2024-10-09 02:10:38,00:00:17
RepresentedPrivateEye-v0-naive_actor-prompt_level6-seed4-4,[0.0],[6508],2024-10-09 02:10:59,00:00:16
RepresentedPrivateEye-v0-cot_actor-prompt_level6-seed0-4,"[0.0, 0.0, 0.0, 0.0, 0.0]","[7028, 7164, 7486, 7466, 6984]",2024-10-09 02:11:19,00:01:13
RepresentedPrivateEye-v0-cot_actor-prompt_level6-seed1-4,"[0.0, 0.0, 0.0, 0.0, 0.0]","[5028, 7268, 6918, 7186, 6976]",2024-10-09 02:12:36,00:01:25
RepresentedPrivateEye-v0-cot_actor-prompt_level6-seed2-4,"[0.0, 0.0, 0.0, 0.0, 0.0]","[7518, 7294, 6606, 7062, 7260]",2024-10-09 02:14:05,00:01:11
RepresentedPrivateEye-v0-cot_actor-prompt_level6-seed3-4,"[0.0, 0.0, 0.0, 0.0, 0.0]","[7000, 7260, 6838, 7284, 7452]",2024-10-09 02:15:20,00:01:15
RepresentedPrivateEye-v0-cot_actor-prompt_level6-seed4-4,"[0.0, 0.0, 0.0, 0.0, 0.0]","[7434, 7444, 7280, 6894, 7560]",2024-10-09 02:16:39,00:01:17
RepresentedPrivateEye-v0-naive_actor-prompt_level7-seed0-4,[0.0],[7920],2024-10-09 02:18:00,00:00:20
RepresentedPrivateEye-v0-naive_actor-prompt_level7-seed1-4,[0.0],[9090],2024-10-09 02:18:24,00:00:48
RepresentedPrivateEye-v0-naive_actor-prompt_level7-seed2-4,[0.0],[2862],2024-10-09 02:19:15,00:00:17
RepresentedPrivateEye-v0-naive_actor-prompt_level7-seed3-4,[0.0],[5612],2024-10-09 02:19:36,00:00:17
RepresentedPrivateEye-v0-naive_actor-prompt_level7-seed4-4,[0.0],[6528],2024-10-09 02:19:57,00:00:13
RepresentedPrivateEye-v0-cot_actor-prompt_level7-seed0-4,"[0.0, 0.0, 0.0, 0.0, 0.0]","[7366, 7480, 7292, 7506, 7850]",2024-10-09 02:20:14,00:01:20
RepresentedPrivateEye-v0-cot_actor-prompt_level7-seed1-4,"[0.0, 0.0, 0.0, 0.0, 0.0]","[6752, 6764, 7316, 7362, 7272]",2024-10-09 02:21:38,00:01:12
RepresentedPrivateEye-v0-cot_actor-prompt_level7-seed2-4,"[0.0, 0.0, 0.0, 0.0, 0.0]","[8116, 7176, 7312, 7254, 7158]",2024-10-09 02:22:53,00:01:23
RepresentedPrivateEye-v0-cot_actor-prompt_level7-seed3-4,"[0.0, 0.0, 0.0, 0.0, 0.0]","[7226, 7828, 8184, 7068, 7178]",2024-10-09 02:24:20,00:01:20
RepresentedPrivateEye-v0-cot_actor-prompt_level7-seed4-4,"[0.0, 0.0, 0.0, 0.0, 0.0]","[7446, 7346, 7592, 7866, 7280]",2024-10-09 02:25:44,00:01:21
RepresentedSeaquest-v0-naive_actor-prompt_level6-seed0-4,[0.0],[9502],2024-10-09 02:28:51,00:00:08
RepresentedSeaquest-v0-naive_actor-prompt_level6-seed1-4,[0.0],[7986],2024-10-09 02:29:03,00:00:15
RepresentedSeaquest-v0-naive_actor-prompt_level6-seed2-4,[0.0],[2026],2024-10-09 02:29:22,00:00:21
RepresentedSeaquest-v0-naive_actor-prompt_level6-seed3-4,[0.0],[8796],2024-10-09 02:29:47,00:00:13
RepresentedSeaquest-v0-naive_actor-prompt_level6-seed4-4,[0.0],[9916],2024-10-09 02:30:04,00:00:09
RepresentedSeaquest-v0-cot_actor-prompt_level6-seed0-4,"[0.0, 0.0, 0.0, 0.0, 0.0]","[8130, 7756, 8436, 8010, 7358]",2024-10-09 02:30:17,00:01:24
RepresentedSeaquest-v0-cot_actor-prompt_level6-seed1-4,"[0.0, 0.0, 0.0, 0.0, 0.0]","[8044, 7866, 7482, 7992, 8496]",2024-10-09 02:31:45,00:01:22
RepresentedSeaquest-v0-cot_actor-prompt_level6-seed2-4,"[0.0, 0.0, 0.0, 0.0, 0.0]","[8660, 4432, 7850, 8104, 7544]",2024-10-09 02:33:10,00:02:10
RepresentedSeaquest-v0-cot_actor-prompt_level6-seed3-4,"[0.0, 0.0, 0.0, 0.0, 0.0]","[7882, 7644, 8028, 7622, 7418]",2024-10-09 02:35:25,00:01:22
RepresentedSeaquest-v0-cot_actor-prompt_level6-seed4-4,"[0.0, 0.0, 0.0, 0.0, 0.0]","[7638, 7842, 7764, 7364, 7670]",2024-10-09 02:36:51,00:01:18
RepresentedSeaquest-v0-naive_actor-prompt_level7-seed0-4,[0.0],[7438],2024-10-09 02:38:12,00:00:12
RepresentedSeaquest-v0-naive_actor-prompt_level7-seed1-4,[0.0],[8888],2024-10-09 02:38:28,00:00:14
RepresentedSeaquest-v0-naive_actor-prompt_level7-seed2-4,[0.0],[3058],2024-10-09 02:38:46,00:00:12
RepresentedSeaquest-v0-naive_actor-prompt_level7-seed3-4,[0.0],[9692],2024-10-09 02:39:01,00:00:12
RepresentedSeaquest-v0-naive_actor-prompt_level7-seed4-4,[0.0],[9924],2024-10-09 02:39:17,00:00:27
RepresentedSeaquest-v0-cot_actor-prompt_level7-seed0-4,"[0.0, 0.0, 0.0, 0.0, 0.0]","[7542, 7924, 7936, 7496, 7962]",2024-10-09 02:39:47,00:01:20
RepresentedSeaquest-v0-cot_actor-prompt_level7-seed1-4,"[0.0, 0.0, 0.0, 0.0, 0.0]","[7390, 7548, 8118, 7514, 7476]",2024-10-09 02:41:11,00:01:15
RepresentedSeaquest-v0-cot_actor-prompt_level7-seed2-4,"[0.0, 0.0, 0.0, 0.0, 0.0]","[7788, 8090, 7866, 7792, 8138]",2024-10-09 02:42:30,00:01:25
RepresentedSeaquest-v0-cot_actor-prompt_level7-seed3-4,"[0.0, 0.0, 0.0, 0.0, 0.0]","[7788, 7442, 8030, 7964, 7652]",2024-10-09 02:43:59,00:01:18
RepresentedSeaquest-v0-cot_actor-prompt_level7-seed4-4,"[0.0, 0.0, 0.0, 0.0, 0.0]","[7726, 8192, 7858, 8054, 7512]",2024-10-09 02:45:20,00:01:20
RepresentedSkiing-v0-naive_actor-prompt_level6-seed0-4,[-40.0],[3942],2024-10-09 02:46:44,00:00:12
RepresentedSkiing-v0-naive_actor-prompt_level6-seed1-4,[-40.0],[4202],2024-10-09 02:47:00,00:00:14
RepresentedSkiing-v0-naive_actor-prompt_level6-seed2-4,[-40.0],[3932],2024-10-09 02:47:18,00:00:16
RepresentedSkiing-v0-naive_actor-prompt_level6-seed3-4,[-40.0],[2420],2024-10-09 02:47:37,00:00:20
RepresentedSkiing-v0-naive_actor-prompt_level6-seed4-4,[-40.0],[2830],2024-10-09 02:48:01,00:00:16
RepresentedSkiing-v0-cot_actor-prompt_level6-seed0-4,"[-40.0, -40.0, -40.0, -40.0, -40.0]","[5824, 5284, 5180, 5806, 5642]",2024-10-09 02:48:21,00:01:07
RepresentedSkiing-v0-cot_actor-prompt_level6-seed1-4,"[-40.0, -40.0, -40.0, -40.0, -40.0]","[5642, 5482, 5672, 5426, 5712]",2024-10-09 02:49:31,00:01:06
RepresentedSkiing-v0-cot_actor-prompt_level6-seed2-4,"[-40.0, -40.0, -40.0, -40.0, -40.0]","[5512, 5792, 5736, 5312, 5716]",2024-10-09 02:50:41,00:01:10
RepresentedSkiing-v0-cot_actor-prompt_level6-seed3-4,"[-40.0, -40.0, -40.0, -40.0, -40.0]","[5650, 5402, 5390, 5850, 5386]",2024-10-09 02:51:55,00:01:04
RepresentedSkiing-v0-cot_actor-prompt_level6-seed4-4,"[-40.0, -40.0, -40.0, -40.0, -40.0]","[5590, 6014, 5838, 5702, 5338]",2024-10-09 02:53:03,00:01:10
RepresentedSkiing-v0-naive_actor-prompt_level7-seed0-4,[-40.0],[1788],2024-10-09 02:54:16,00:00:19
RepresentedSkiing-v0-naive_actor-prompt_level7-seed1-4,[-40.0],[4662],2024-10-09 02:54:39,00:00:13
RepresentedSkiing-v0-naive_actor-prompt_level7-seed2-4,[-40.0],[5398],2024-10-09 02:54:55,00:00:10
RepresentedSkiing-v0-naive_actor-prompt_level7-seed3-4,[-40.0],[1744],2024-10-09 02:55:09,00:00:27
RepresentedSkiing-v0-naive_actor-prompt_level7-seed4-4,[-40.0],[2312],2024-10-09 02:55:40,00:00:18
RepresentedSkiing-v0-cot_actor-prompt_level7-seed0-4,"[-40.0, -40.0, -40.0, -40.0, -40.0]","[5392, 6094, 5426, 5668, 5524]",2024-10-09 02:56:02,00:01:06
RepresentedSkiing-v0-cot_actor-prompt_level7-seed1-4,"[-40.0, -40.0, -40.0, -40.0, -40.0]","[5348, 5238, 5542, 6168, 5410]",2024-10-09 02:57:12,00:01:05
RepresentedSkiing-v0-cot_actor-prompt_level7-seed2-4,"[-40.0, -40.0, -40.0, -40.0, -40.0]","[5188, 5724, 5566, 5474, 5550]",2024-10-09 02:58:21,00:01:04
RepresentedSkiing-v0-cot_actor-prompt_level7-seed3-4,"[-40.0, -40.0, -40.0, -40.0, -40.0]","[5198, 5500, 5866, 5826, 5814]",2024-10-09 02:59:30,00:01:07
RepresentedSkiing-v0-cot_actor-prompt_level7-seed4-4,"[-40.0, -40.0, -40.0, -40.0, -40.0]","[5608, 5520, 5128, 5650, 5302]",2024-10-09 03:00:40,00:01:04
RepresentedTennis-v0-naive_actor-prompt_level6-seed0-4,[0.0],[8618],2024-10-09 03:02:39,00:00:06
RepresentedTennis-v0-naive_actor-prompt_level6-seed1-4,[0.0],[6714],2024-10-09 03:02:49,00:00:20
RepresentedTennis-v0-naive_actor-prompt_level6-seed2-4,[0.0],[7896],2024-10-09 03:03:12,00:00:16
RepresentedTennis-v0-naive_actor-prompt_level6-seed3-4,[0.0],[8200],2024-10-09 03:03:32,00:00:19
RepresentedTennis-v0-naive_actor-prompt_level6-seed4-4,[0.0],[5912],2024-10-09 03:03:55,00:00:22
RepresentedTennis-v0-cot_actor-prompt_level6-seed0-4,"[0.0, 0.0, 0.0, 0.0, 0.0]","[7002, 6834, 6868, 6546, 7614]",2024-10-09 03:04:21,00:01:11
RepresentedTennis-v0-cot_actor-prompt_level6-seed1-4,"[0.0, 0.0, 0.0, 0.0, 0.0]","[6844, 6622, 6822, 7520, 6364]",2024-10-09 03:05:36,00:01:08
RepresentedTennis-v0-cot_actor-prompt_level6-seed2-4,"[0.0, 0.0, 0.0, 0.0, 0.0]","[6952, 7140, 6974, 7208, 7110]",2024-10-09 03:06:48,00:01:12
RepresentedTennis-v0-cot_actor-prompt_level6-seed3-4,"[0.0, 0.0, 0.0, 0.0, 0.0]","[7106, 6994, 7148, 7052, 6772]",2024-10-09 03:08:04,00:01:12
RepresentedTennis-v0-cot_actor-prompt_level6-seed4-4,"[0.0, 0.0, 0.0, 0.0, 0.0]","[6762, 7074, 7334, 7104, 7266]",2024-10-09 03:09:20,00:01:12
RepresentedTennis-v0-naive_actor-prompt_level7-seed0-4,[0.0],[6174],2024-10-09 03:10:36,00:00:19
RepresentedTennis-v0-naive_actor-prompt_level7-seed1-4,[0.0],[8342],2024-10-09 03:10:59,00:00:17
RepresentedTennis-v0-naive_actor-prompt_level7-seed2-4,[0.0],[9238],2024-10-09 03:11:19,00:00:14
RepresentedTennis-v0-naive_actor-prompt_level7-seed3-4,[0.0],[8550],2024-10-09 03:11:37,00:00:20
RepresentedTennis-v0-naive_actor-prompt_level7-seed4-4,[0.0],[9240],2024-10-09 03:12:01,00:00:16
RepresentedTennis-v0-cot_actor-prompt_level7-seed0-4,"[0.0, 0.0, 0.0, 0.0, 0.0]","[6536, 6888, 7082, 7338, 6842]",2024-10-09 03:12:21,00:01:11
RepresentedTennis-v0-cot_actor-prompt_level7-seed1-4,"[0.0, 0.0, 0.0, 0.0, 0.0]","[7054, 4678, 6918, 7528, 7516]",2024-10-09 03:13:35,00:01:29
RepresentedTennis-v0-cot_actor-prompt_level7-seed2-4,"[0.0, 0.0, 0.0, 0.0, 0.0]","[6468, 6854, 7252, 6980, 7248]",2024-10-09 03:15:08,00:01:12
RepresentedTennis-v0-cot_actor-prompt_level7-seed3-4,"[0.0, 0.0, 0.0, 0.0, 0.0]","[7592, 6814, 6940, 6794, 7562]",2024-10-09 03:16:24,00:01:15
RepresentedTennis-v0-cot_actor-prompt_level7-seed4-4,"[0.0, 0.0, 0.0, 0.0, 0.0]","[6846, 7444, 7316, 6652, 7308]",2024-10-09 03:17:43,00:01:14
RepresentedVenture-v0-naive_actor-prompt_level6-seed0-4,[0.0],[37056],2024-10-09 03:19:01,00:00:09
RepresentedVenture-v0-naive_actor-prompt_level6-seed1-4,[0.0],[23034],2024-10-09 03:19:13,00:00:13
RepresentedVenture-v0-naive_actor-prompt_level6-seed2-4,[0.0],[37712],2024-10-09 03:19:30,00:00:16
RepresentedVenture-v0-naive_actor-prompt_level6-seed3-4,[0.0],[37398],2024-10-09 03:19:50,00:00:12
RepresentedVenture-v0-naive_actor-prompt_level6-seed4-4,[0.0],[38058],2024-10-09 03:20:06,00:00:20
RepresentedVenture-v0-cot_actor-prompt_level6-seed0-4,"[0.0, 0.0, 0.0, 0.0, 0.0]","[18042, 18480, 18934, 18412, 17930]",2024-10-09 03:20:30,00:01:28
RepresentedVenture-v0-cot_actor-prompt_level6-seed1-4,"[0.0, 0.0, 0.0, 0.0, 0.0]","[18048, 18376, 18560, 18494, 18244]",2024-10-09 03:22:02,00:01:26
RepresentedVenture-v0-cot_actor-prompt_level6-seed2-4,"[0.0, 0.0, 0.0, 0.0, 0.0]","[18684, 17712, 18506, 18314, 18252]",2024-10-09 03:23:32,00:01:27
RepresentedVenture-v0-cot_actor-prompt_level6-seed3-4,"[0.0, 0.0, 0.0, 0.0, 0.0]","[18416, 18546, 18624, 18212, 18090]",2024-10-09 03:25:03,00:01:24
RepresentedVenture-v0-cot_actor-prompt_level6-seed4-4,"[0.0, 0.0, 0.0, 0.0, 0.0]","[18464, 18284, 18170, 18104, 18588]",2024-10-09 03:26:31,00:01:23
RepresentedVenture-v0-naive_actor-prompt_level7-seed0-4,[0.0],[10916],2024-10-09 03:27:58,00:00:19
RepresentedVenture-v0-naive_actor-prompt_level7-seed1-4,[0.0],[6212],2024-10-09 03:28:20,00:00:17
RepresentedVenture-v0-naive_actor-prompt_level7-seed2-4,[0.0],[3848],2024-10-09 03:28:41,00:00:13
RepresentedVenture-v0-naive_actor-prompt_level7-seed3-4,[0.0],[10308],2024-10-09 03:28:58,00:00:19
RepresentedVenture-v0-naive_actor-prompt_level7-seed4-4,[0.0],[5826],2024-10-09 03:29:21,00:00:15
RepresentedVenture-v0-cot_actor-prompt_level7-seed0-4,"[0.0, 0.0, 0.0, 0.0, 0.0]","[7702, 5958, 7424, 7828, 8144]",2024-10-09 03:29:39,00:01:38
RepresentedVenture-v0-cot_actor-prompt_level7-seed1-4,"[0.0, 0.0, 0.0, 0.0, 0.0]","[7890, 7446, 7546, 7586, 7200]",2024-10-09 03:31:21,00:01:15
RepresentedVenture-v0-cot_actor-prompt_level7-seed2-4,"[0.0, 0.0, 0.0, 0.0, 0.0]","[7502, 7518, 7162, 7310, 7218]",2024-10-09 03:32:40,00:01:10
RepresentedVenture-v0-cot_actor-prompt_level7-seed3-4,"[0.0, 0.0, 0.0, 0.0, 0.0]","[7626, 7308, 7420, 7452, 7918]",2024-10-09 03:33:54,00:01:14
RepresentedVenture-v0-cot_actor-prompt_level7-seed4-4,"[0.0, 0.0, 0.0, 0.0, 0.0]","[7110, 7156, 6984, 6940, 7858]",2024-10-09 03:35:12,00:01:08
RepresentedVideoPinball-v0-naive_actor-prompt_level6-seed0-4,[0.0],[6636],2024-10-09 03:36:23,00:00:24
RepresentedVideoPinball-v0-naive_actor-prompt_level6-seed1-4,[0.0],[6880],2024-10-09 03:36:52,00:00:24
RepresentedVideoPinball-v0-naive_actor-prompt_level6-seed2-4,[0.0],[3414],2024-10-09 03:37:19,00:00:22
RepresentedVideoPinball-v0-naive_actor-prompt_level6-seed3-4,[0.0],[7148],2024-10-09 03:37:45,00:00:13
RepresentedVideoPinball-v0-naive_actor-prompt_level6-seed4-4,[0.0],[8594],2024-10-09 03:38:02,00:00:16
RepresentedVideoPinball-v0-cot_actor-prompt_level6-seed0-4,"[0.0, 0.0, 0.0, 0.0, 0.0]","[5802, 6920, 6752, 5744, 6152]",2024-10-09 03:38:22,00:01:15
RepresentedVideoPinball-v0-cot_actor-prompt_level6-seed1-4,"[0.0, 0.0, 0.0, 0.0, 0.0]","[6362, 7124, 6442, 6208, 7264]",2024-10-09 03:39:41,00:01:19
RepresentedVideoPinball-v0-cot_actor-prompt_level6-seed2-4,"[0.0, 0.0, 0.0, 0.0, 0.0]","[6164, 5784, 6118, 5982, 6280]",2024-10-09 03:41:03,00:01:08
RepresentedVideoPinball-v0-cot_actor-prompt_level6-seed3-4,"[0.0, 0.0, 0.0, 0.0, 0.0]","[6144, 6616, 6116, 6454, 6442]",2024-10-09 03:42:15,00:01:21
RepresentedVideoPinball-v0-cot_actor-prompt_level6-seed4-4,"[0.0, 0.0, 0.0, 0.0, 0.0]","[6550, 6242, 6128, 6640, 5832]",2024-10-09 03:43:40,00:01:14
RepresentedVideoPinball-v0-naive_actor-prompt_level7-seed0-4,[0.0],[5012],2024-10-09 03:44:57,00:00:15
RepresentedVideoPinball-v0-naive_actor-prompt_level7-seed1-4,[0.0],[5378],2024-10-09 03:45:17,00:00:23
RepresentedVideoPinball-v0-naive_actor-prompt_level7-seed2-4,[0.0],[8148],2024-10-09 03:45:43,00:00:13
RepresentedVideoPinball-v0-naive_actor-prompt_level7-seed3-4,[0.0],[6358],2024-10-09 03:46:00,00:00:14
RepresentedVideoPinball-v0-naive_actor-prompt_level7-seed4-4,[0.0],[7496],2024-10-09 03:46:18,00:00:11
RepresentedVideoPinball-v0-cot_actor-prompt_level7-seed0-4,"[0.0, 0.0, 0.0, 0.0, 0.0]","[6612, 6358, 6000, 5642, 6210]",2024-10-09 03:46:34,00:01:11
RepresentedVideoPinball-v0-cot_actor-prompt_level7-seed1-4,"[0.0, 0.0, 0.0, 0.0, 0.0]","[6220, 6744, 6956, 6200, 6106]",2024-10-09 03:47:49,00:01:15
RepresentedVideoPinball-v0-cot_actor-prompt_level7-seed2-4,"[0.0, 0.0, 0.0, 0.0, 0.0]","[6272, 6890, 5818, 6586, 6236]",2024-10-09 03:49:07,00:01:15
RepresentedVideoPinball-v0-cot_actor-prompt_level7-seed3-4,"[0.0, 0.0, 0.0, 0.0, 0.0]","[6400, 5636, 6330, 6200, 6098]",2024-10-09 03:50:26,00:01:08
RepresentedVideoPinball-v0-cot_actor-prompt_level7-seed4-4,"[0.0, 0.0, 0.0, 0.0, 0.0]","[6126, 5810, 6578, 6030, 6744]",2024-10-09 03:51:38,00:01:10
RepresentedHero-v0-naive_actor-prompt_level6-seed0-4,[0.0],[8310],2024-10-09 10:29:49,00:00:13
RepresentedHero-v0-naive_actor-prompt_level6-seed1-4,[0.0],[6768],2024-10-09 10:30:06,00:00:17
RepresentedHero-v0-naive_actor-prompt_level6-seed2-4,[0.0],[5300],2024-10-09 10:30:27,00:00:11
RepresentedHero-v0-naive_actor-prompt_level6-seed3-4,[0.0],[8574],2024-10-09 10:30:41,00:00:06
RepresentedHero-v0-naive_actor-prompt_level6-seed4-4,[0.0],[6844],2024-10-09 10:30:51,00:00:15
RepresentedHero-v0-cot_actor-prompt_level6-seed0-4,"[0.0, 0.0, 0.0, 0.0, 0.0]","[6850, 6988, 7246, 7384, 7454]",2024-10-09 10:31:10,00:01:15
RepresentedHero-v0-cot_actor-prompt_level6-seed1-4,"[0.0, 0.0, 0.0, 0.0, 0.0]","[6982, 7226, 6652, 6800, 6776]",2024-10-09 10:32:29,00:01:07
RepresentedHero-v0-cot_actor-prompt_level6-seed2-4,"[0.0, 0.0, 0.0, 0.0, 0.0]","[6974, 7078, 6728, 7078, 7570]",2024-10-09 10:33:39,00:01:12
RepresentedHero-v0-cot_actor-prompt_level6-seed3-4,"[0.0, 0.0, 0.0, 0.0, 0.0]","[6454, 7126, 6680, 6954, 7196]",2024-10-09 10:34:55,00:01:09
RepresentedHero-v0-cot_actor-prompt_level6-seed4-4,"[0.0, 0.0, 0.0, 0.0, 0.0]","[7168, 7308, 6806, 6874, 6618]",2024-10-09 10:36:09,00:01:09
RepresentedHero-v0-naive_actor-prompt_level7-seed0-4,[0.0],[8830],2024-10-09 10:37:21,00:00:16
RepresentedHero-v0-naive_actor-prompt_level7-seed1-4,[0.0],[4992],2024-10-09 10:37:41,00:00:17
RepresentedHero-v0-naive_actor-prompt_level7-seed2-4,[0.0],[5744],2024-10-09 10:38:01,00:00:15
RepresentedHero-v0-naive_actor-prompt_level7-seed3-4,[0.0],[8204],2024-10-09 10:38:20,00:00:18
RepresentedHero-v0-naive_actor-prompt_level7-seed4-4,[0.0],[7260],2024-10-09 10:38:42,00:00:16
RepresentedHero-v0-cot_actor-prompt_level7-seed0-4,"[0.0, 0.0, 0.0, 0.0, 0.0]","[6876, 6232, 6590, 7082, 7464]",2024-10-09 10:39:02,00:01:07
RepresentedHero-v0-cot_actor-prompt_level7-seed1-4,"[0.0, 0.0, 0.0, 0.0, 0.0]","[6812, 7470, 6770, 7220, 6610]",2024-10-09 10:40:13,00:01:14
RepresentedHero-v0-cot_actor-prompt_level7-seed2-4,"[0.0, 0.0, 0.0, 0.0, 0.0]","[6628, 6510, 7022, 7288, 7164]",2024-10-09 10:41:30,00:01:10
RepresentedHero-v0-cot_actor-prompt_level7-seed3-4,"[0.0, 0.0, 0.0, 0.0, 0.0]","[7070, 6446, 6594, 7002, 6832]",2024-10-09 10:42:44,00:01:06
RepresentedHero-v0-cot_actor-prompt_level7-seed4-4,"[0.0, 0.0, 0.0, 0.0, 0.0]","[6514, 6990, 7270, 7256, 7334]",2024-10-09 10:43:53,00:01:13
RepresentedMontezumaRevenge-v0-naive_actor-prompt_level6-seed0-4,[0.0],[8556],2024-10-09 10:45:10,00:00:28
RepresentedMontezumaRevenge-v0-naive_actor-prompt_level6-seed1-4,[0.0],[14856],2024-10-09 10:45:42,00:00:23
RepresentedMontezumaRevenge-v0-naive_actor-prompt_level6-seed2-4,[0.0],[14202],2024-10-09 10:46:09,00:00:24
RepresentedMontezumaRevenge-v0-naive_actor-prompt_level6-seed3-4,[0.0],[14176],2024-10-09 10:46:37,00:00:24
RepresentedMontezumaRevenge-v0-naive_actor-prompt_level6-seed4-4,[0.0],[8040],2024-10-09 10:47:04,00:00:13
RepresentedMontezumaRevenge-v0-cot_actor-prompt_level6-seed0-4,"[0.0, 0.0, 0.0, 0.0, 0.0]","[9350, 8888, 8982, 9020, 8936]",2024-10-09 10:47:21,00:01:20
RepresentedMontezumaRevenge-v0-cot_actor-prompt_level6-seed1-4,"[0.0, 0.0, 0.0, 0.0, 0.0]","[8882, 8898, 8752, 9048, 8526]",2024-10-09 10:48:44,00:01:13
RepresentedMontezumaRevenge-v0-cot_actor-prompt_level6-seed2-4,"[0.0, 0.0, 0.0, 0.0, 0.0]","[8642, 8740, 8916, 8258, 8910]",2024-10-09 10:50:01,00:01:12
RepresentedMontezumaRevenge-v0-cot_actor-prompt_level6-seed3-4,"[0.0, 0.0, 0.0, 0.0, 0.0]","[8696, 8912, 8508, 8528, 9144]",2024-10-09 10:51:16,00:01:14
RepresentedMontezumaRevenge-v0-cot_actor-prompt_level6-seed4-4,"[0.0, 0.0, 0.0, 0.0, 0.0]","[8996, 8826, 8706, 8720, 8496]",2024-10-09 10:52:34,00:01:11
RepresentedMontezumaRevenge-v0-naive_actor-prompt_level7-seed0-4,[0.0],[13496],2024-10-09 10:53:48,00:00:10
RepresentedMontezumaRevenge-v0-naive_actor-prompt_level7-seed1-4,[0.0],[14466],2024-10-09 10:54:03,00:00:25
RepresentedMontezumaRevenge-v0-naive_actor-prompt_level7-seed2-4,[0.0],[14582],2024-10-09 10:54:31,00:00:22
RepresentedMontezumaRevenge-v0-naive_actor-prompt_level7-seed3-4,[0.0],[14456],2024-10-09 10:54:56,00:00:20
RepresentedMontezumaRevenge-v0-naive_actor-prompt_level7-seed4-4,[0.0],[11508],2024-10-09 10:55:20,00:00:27
RepresentedMontezumaRevenge-v0-cot_actor-prompt_level7-seed0-4,"[0.0, 0.0, 0.0, 0.0, 0.0]","[8852, 8762, 8868, 8552, 8662]",2024-10-09 10:55:51,00:01:12
RepresentedMontezumaRevenge-v0-cot_actor-prompt_level7-seed1-4,"[0.0, 0.0, 0.0, 0.0, 0.0]","[8874, 8564, 8444, 8646, 9014]",2024-10-09 10:57:07,00:01:17
RepresentedMontezumaRevenge-v0-cot_actor-prompt_level7-seed2-4,"[0.0, 0.0, 0.0, 0.0, 0.0]","[8686, 9184, 8504, 9004, 9276]",2024-10-09 10:58:27,00:01:21
RepresentedMontezumaRevenge-v0-cot_actor-prompt_level7-seed3-4,"[0.0, 0.0, 0.0, 0.0, 0.0]","[8746, 8790, 9198, 8706, 8710]",2024-10-09 10:59:52,00:01:15
RepresentedMontezumaRevenge-v0-cot_actor-prompt_level7-seed4-4,"[0.0, 0.0, 0.0, 0.0, 0.0]","[8964, 8388, 9056, 9330, 8856]",2024-10-09 11:01:11,00:01:16
RepresentedPitfall-v0-naive_actor-prompt_level6-seed0-4,[0.0],[6858],2024-10-09 11:02:31,00:00:21
RepresentedPitfall-v0-naive_actor-prompt_level6-seed1-4,[0.0],[1000],2024-10-09 11:02:56,00:00:22
RepresentedPitfall-v0-naive_actor-prompt_level6-seed2-4,[0.0],[6350],2024-10-09 11:03:22,00:00:36
RepresentedPitfall-v0-naive_actor-prompt_level6-seed3-4,[0.0],[6514],2024-10-09 11:04:01,00:00:17
RepresentedPitfall-v0-naive_actor-prompt_level6-seed4-4,[0.0],[9120],2024-10-09 11:04:22,00:00:19
RepresentedPitfall-v0-cot_actor-prompt_level6-seed0-4,"[0.0, 0.0, 0.0, 0.0, 0.0]","[6778, 7180, 7174, 6986, 7024]",2024-10-09 11:04:44,00:01:09
RepresentedPitfall-v0-cot_actor-prompt_level6-seed1-4,"[0.0, 0.0, 0.0, 0.0, 0.0]","[6990, 7474, 6968, 7616, 7422]",2024-10-09 11:05:57,00:01:16
RepresentedPitfall-v0-cot_actor-prompt_level6-seed2-4,"[0.0, 0.0, 0.0, 0.0, 0.0]","[6976, 7274, 6966, 6948, 6748]",2024-10-09 11:07:17,00:01:07
RepresentedPitfall-v0-cot_actor-prompt_level6-seed3-4,"[0.0, 0.0, 0.0, 0.0, 0.0]","[6822, 7304, 7688, 7146, 6544]",2024-10-09 11:08:28,00:01:10
RepresentedPitfall-v0-cot_actor-prompt_level6-seed4-4,"[0.0, 0.0, 0.0, 0.0, 0.0]","[6850, 6788, 7132, 6916, 7548]",2024-10-09 11:09:42,00:01:08
RepresentedPitfall-v0-naive_actor-prompt_level7-seed0-4,[0.0],[6164],2024-10-09 11:10:54,00:00:20
RepresentedPitfall-v0-naive_actor-prompt_level7-seed1-4,[0.0],[6896],2024-10-09 11:11:17,00:00:22
RepresentedPitfall-v0-naive_actor-prompt_level7-seed2-4,[0.0],[5532],2024-10-09 11:11:43,00:00:11
RepresentedPitfall-v0-naive_actor-prompt_level7-seed3-4,[0.0],[7836],2024-10-09 11:11:58,00:00:21
RepresentedPitfall-v0-naive_actor-prompt_level7-seed4-4,[0.0],[8220],2024-10-09 11:12:22,00:00:28
RepresentedPitfall-v0-cot_actor-prompt_level7-seed0-4,"[0.0, 0.0, 0.0, 0.0, 0.0]","[6934, 7318, 6680, 7042, 7040]",2024-10-09 11:12:54,00:01:09
RepresentedPitfall-v0-cot_actor-prompt_level7-seed1-4,"[0.0, 0.0, 0.0, 0.0, 0.0]","[6926, 7320, 7080, 6800, 7076]",2024-10-09 11:14:07,00:01:08
RepresentedPitfall-v0-cot_actor-prompt_level7-seed2-4,"[0.0, 0.0, 0.0, 0.0, 0.0]","[8064, 6958, 7488, 7738, 6854]",2024-10-09 11:15:19,00:01:16
RepresentedPitfall-v0-cot_actor-prompt_level7-seed3-4,"[0.0, 0.0, 0.0, 0.0, 0.0]","[7190, 6516, 6666, 6838, 7050]",2024-10-09 11:16:39,00:01:06
RepresentedPitfall-v0-cot_actor-prompt_level7-seed4-4,"[0.0, 0.0, 0.0, 0.0, 0.0]","[7144, 6882, 7312, 6930, 6752]",2024-10-09 11:17:48,00:01:11
RepresentedQbert-v0-naive_actor-prompt_level6-seed0-4,[0.0],[40290],2024-10-09 11:19:04,00:00:12
RepresentedQbert-v0-naive_actor-prompt_level6-seed1-4,[0.0],[40152],2024-10-09 11:19:20,00:00:18
RepresentedQbert-v0-naive_actor-prompt_level6-seed2-4,[0.0],[39474],2024-10-09 11:19:42,00:00:10
RepresentedQbert-v0-naive_actor-prompt_level6-seed3-4,[0.0],[24558],2024-10-09 11:19:56,00:00:15
RepresentedQbert-v0-naive_actor-prompt_level6-seed4-4,[0.0],[20170],2024-10-09 11:20:15,00:00:30
RepresentedQbert-v0-cot_actor-prompt_level6-seed0-4,"[0.0, 0.0, 0.0, 0.0, 0.0]","[6148, 6088, 6186, 6802, 5972]",2024-10-09 11:20:48,00:01:06
RepresentedQbert-v0-cot_actor-prompt_level6-seed1-4,"[0.0, 0.0, 0.0, 0.0, 0.0]","[6286, 6954, 6284, 6288, 6472]",2024-10-09 11:21:58,00:01:08
RepresentedQbert-v0-cot_actor-prompt_level6-seed2-4,"[0.0, 0.0, 0.0, 0.0, 0.0]","[6234, 6246, 6174, 6354, 6348]",2024-10-09 11:23:11,00:01:09
RepresentedQbert-v0-cot_actor-prompt_level6-seed3-4,"[0.0, 0.0, 0.0, 0.0, 0.0]","[6332, 6100, 6646, 6226, 5994]",2024-10-09 11:24:24,00:01:09
RepresentedQbert-v0-cot_actor-prompt_level6-seed4-4,"[0.0, 0.0, 0.0, 0.0, 0.0]","[7074, 7000, 5976, 6580, 6614]",2024-10-09 11:25:36,00:01:15
RepresentedQbert-v0-naive_actor-prompt_level7-seed0-4,[0.0],[9478],2024-10-09 11:26:55,00:00:23
RepresentedQbert-v0-naive_actor-prompt_level7-seed1-4,[0.0],[6380],2024-10-09 11:27:22,00:00:41
RepresentedQbert-v0-naive_actor-prompt_level7-seed2-4,[0.0],[8448],2024-10-09 11:28:07,00:00:29
RepresentedQbert-v0-naive_actor-prompt_level7-seed3-4,[0.0],[9544],2024-10-09 11:28:40,00:00:15
RepresentedQbert-v0-naive_actor-prompt_level7-seed4-4,[0.0],[8370],2024-10-09 11:28:59,00:00:15
RepresentedQbert-v0-cot_actor-prompt_level7-seed0-4,"[0.0, 0.0, 0.0, 0.0, 0.0]","[6442, 6742, 6918, 5446, 6406]",2024-10-09 11:29:18,00:01:11
RepresentedQbert-v0-cot_actor-prompt_level7-seed1-4,"[0.0, 0.0, 0.0, 0.0, 0.0]","[6418, 6498, 6152, 6270, 6096]",2024-10-09 11:30:32,00:01:06
RepresentedQbert-v0-cot_actor-prompt_level7-seed2-4,"[0.0, 0.0, 0.0, 0.0, 0.0]","[6510, 6544, 6698, 5994, 5966]",2024-10-09 11:31:42,00:01:09
RepresentedQbert-v0-cot_actor-prompt_level7-seed3-4,"[0.0, 0.0, 0.0, 0.0, 0.0]","[6040, 6462, 6484, 6616, 6282]",2024-10-09 11:32:54,00:01:09
RepresentedQbert-v0-cot_actor-prompt_level7-seed4-4,"[0.0, 0.0, 0.0, 0.0, 0.0]","[6428, 6566, 6738, 6384, 6200]",2024-10-09 11:34:07,00:01:10
RepresentedRiverraid-v0-naive_actor-prompt_level6-seed0-4,[0.0],[7712],2024-10-09 11:35:21,00:00:11
RepresentedRiverraid-v0-naive_actor-prompt_level6-seed1-4,[0.0],[8334],2024-10-09 11:35:35,00:00:11
RepresentedRiverraid-v0-naive_actor-prompt_level6-seed2-4,[0.0],[4186],2024-10-09 11:35:50,00:00:18
RepresentedRiverraid-v0-naive_actor-prompt_level6-seed3-4,[0.0],[4096],2024-10-09 11:36:11,00:00:13
RepresentedRiverraid-v0-naive_actor-prompt_level6-seed4-4,[0.0],[4988],2024-10-09 11:36:28,00:00:11
RepresentedRiverraid-v0-cot_actor-prompt_level6-seed0-4,"[0.0, 0.0, 0.0, 0.0, 0.0]","[7268, 7030, 6830, 6778, 7094]",2024-10-09 11:36:43,00:01:10
RepresentedRiverraid-v0-cot_actor-prompt_level6-seed1-4,"[0.0, 0.0, 0.0, 0.0, 0.0]","[6586, 7248, 7362, 6890, 6716]",2024-10-09 11:37:58,00:01:09
RepresentedRiverraid-v0-cot_actor-prompt_level6-seed2-4,"[0.0, 0.0, 0.0, 0.0, 0.0]","[6778, 6652, 7306, 7106, 6286]",2024-10-09 11:39:10,00:01:08
RepresentedRiverraid-v0-cot_actor-prompt_level6-seed3-4,"[0.0, 0.0, 0.0, 0.0, 0.0]","[6388, 6940, 6404, 6686, 6706]",2024-10-09 11:40:23,00:01:07
RepresentedRiverraid-v0-cot_actor-prompt_level6-seed4-4,"[0.0, 0.0, 0.0, 0.0, 0.0]","[6722, 6708, 6760, 6588, 6520]",2024-10-09 11:41:33,00:01:03
RepresentedRiverraid-v0-naive_actor-prompt_level7-seed0-4,[0.0],[4846],2024-10-09 11:42:40,00:00:14
RepresentedRiverraid-v0-naive_actor-prompt_level7-seed1-4,[0.0],[6152],2024-10-09 11:42:57,00:00:30
RepresentedRiverraid-v0-naive_actor-prompt_level7-seed2-4,[0.0],[5010],2024-10-09 11:43:31,00:00:10
RepresentedRiverraid-v0-naive_actor-prompt_level7-seed3-4,[0.0],[6140],2024-10-09 11:43:45,00:00:13
RepresentedRiverraid-v0-naive_actor-prompt_level7-seed4-4,[0.0],[8490],2024-10-09 11:44:02,00:00:09
RepresentedRiverraid-v0-cot_actor-prompt_level7-seed0-4,"[0.0, 0.0, 0.0, 0.0, 0.0]","[6764, 7030, 6760, 6996, 6782]",2024-10-09 11:44:14,00:01:09
RepresentedRiverraid-v0-cot_actor-prompt_level7-seed1-4,"[0.0, 0.0, 0.0, 0.0, 0.0]","[6298, 6860, 6718, 6942, 6356]",2024-10-09 11:45:26,00:01:02
RepresentedRiverraid-v0-cot_actor-prompt_level7-seed2-4,"[0.0, 0.0, 0.0, 0.0, 0.0]","[6468, 6760, 6456, 6694, 6354]",2024-10-09 11:46:32,00:01:04
RepresentedRiverraid-v0-cot_actor-prompt_level7-seed3-4,"[0.0, 0.0, 0.0, 0.0, 0.0]","[6646, 6886, 6172, 6926, 6354]",2024-10-09 11:47:40,00:01:01
RepresentedRiverraid-v0-cot_actor-prompt_level7-seed4-4,"[0.0, 0.0, 0.0, 0.0, 0.0]","[6386, 6464, 6954, 6622, 6746]",2024-10-09 11:48:45,00:01:04
RepresentedSpaceInvaders-v0-naive_actor-prompt_level6-seed0-4,[0.0],[5724],2024-10-09 11:49:52,00:00:13
RepresentedSpaceInvaders-v0-naive_actor-prompt_level6-seed1-4,[0.0],[5296],2024-10-09 11:50:08,00:00:20
RepresentedSpaceInvaders-v0-naive_actor-prompt_level6-seed2-4,[0.0],[6286],2024-10-09 11:50:32,00:00:16
RepresentedSpaceInvaders-v0-naive_actor-prompt_level6-seed3-4,[0.0],[5380],2024-10-09 11:50:52,00:00:08
RepresentedSpaceInvaders-v0-naive_actor-prompt_level6-seed4-4,[0.0],[3482],2024-10-09 11:51:03,00:00:15
RepresentedSpaceInvaders-v0-cot_actor-prompt_level6-seed0-4,"[0.0, 0.0, 0.0, 0.0, 0.0]","[6002, 6718, 5888, 6774, 6154]",2024-10-09 11:51:21,00:01:18
RepresentedSpaceInvaders-v0-cot_actor-prompt_level6-seed1-4,"[0.0, 0.0, 0.0, 0.0, 0.0]","[5780, 6238, 6138, 6040, 5978]",2024-10-09 11:52:43,00:01:15
RepresentedSpaceInvaders-v0-cot_actor-prompt_level6-seed2-4,"[0.0, 0.0, 0.0, 0.0, 0.0]","[6428, 5978, 6402, 6288, 6042]",2024-10-09 11:54:02,00:01:16
RepresentedSpaceInvaders-v0-cot_actor-prompt_level6-seed3-4,"[0.0, 0.0, 0.0, 0.0, 0.0]","[6230, 5882, 7276, 6364, 6608]",2024-10-09 11:55:22,00:01:20
RepresentedSpaceInvaders-v0-cot_actor-prompt_level6-seed4-4,"[0.0, 0.0, 0.0, 0.0, 0.0]","[6488, 6410, 5980, 6842, 6294]",2024-10-09 11:56:46,00:01:20
RepresentedSpaceInvaders-v0-naive_actor-prompt_level7-seed0-4,[0.0],[5972],2024-10-09 11:58:10,00:00:18
RepresentedSpaceInvaders-v0-naive_actor-prompt_level7-seed1-4,[0.0],[5620],2024-10-09 11:58:31,00:00:12
RepresentedSpaceInvaders-v0-naive_actor-prompt_level7-seed2-4,[0.0],[3850],2024-10-09 11:58:47,00:00:20
RepresentedSpaceInvaders-v0-naive_actor-prompt_level7-seed3-4,[0.0],[5988],2024-10-09 11:59:10,00:00:09
RepresentedSpaceInvaders-v0-naive_actor-prompt_level7-seed4-4,[0.0],[4822],2024-10-09 11:59:23,00:00:27
RepresentedSpaceInvaders-v0-cot_actor-prompt_level7-seed0-4,"[0.0, 0.0, 0.0, 0.0, 0.0]","[5918, 6252, 6388, 6132, 5970]",2024-10-09 11:59:54,00:01:15
RepresentedSpaceInvaders-v0-cot_actor-prompt_level7-seed1-4,"[0.0, 0.0, 0.0, 0.0, 0.0]","[6016, 5716, 5764, 4530, 6072]",2024-10-09 12:01:12,00:01:32
RepresentedSpaceInvaders-v0-cot_actor-prompt_level7-seed2-4,"[0.0, 0.0, 0.0, 0.0, 0.0]","[6410, 6820, 6392, 6432, 5776]",2024-10-09 12:02:48,00:01:21
RepresentedSpaceInvaders-v0-cot_actor-prompt_level7-seed3-4,"[0.0, 0.0, 0.0, 0.0, 0.0]","[6246, 7720, 5580, 6232, 6134]",2024-10-09 12:04:12,00:01:21
RepresentedSpaceInvaders-v0-cot_actor-prompt_level7-seed4-4,"[0.0, 0.0, 0.0, 0.0, 0.0]","[5762, 6510, 6600, 8030, 6404]",2024-10-09 12:05:38,00:01:28
RepresentedMsPacman-v0-cot_actor-llama-prompt_level8-seed2-1000,"[360.0, 380.0, 290.0, 560.0, 170.0]","[647784, 733434, 619162, 783954, 628636]",2024-10-09 19:03:16,02:00:28
